{
  "resourceType": "CodeSystem",
  "status": "draft",
  "content": "complete",
  "name": "CityCode",
  "id": "city-code",
  "title": "Cantones de Costa Rica",
  "description": "Código de cantón en formato Zip Code",
  "url": "https://hl7.or.cr/fhir/ig/terminology/CodeSystem/city-code",
  "concept": [
    {
      "code": "101",
      "display": "San José",
      "definition": "Cantón de San José, provincia de San José"
    },
    {
      "code": "102",
      "display": "Escazú",
      "definition": "Cantón de Escazú, provincia de San José"
    },
    {
      "code": "103",
      "display": "Desamparados",
      "definition": "Cantón de Desamparados, provincia de San José"
    },
    {
      "code": "104",
      "display": "Puriscal",
      "definition": "Cantón de Puriscal, provincia de San José"
    },
    {
      "code": "105",
      "display": "Tarrazú",
      "definition": "Cantón de Tarrazú, provincia de San José"
    },
    {
      "code": "106",
      "display": "Aserrí",
      "definition": "Cantón de Aserrí, provincia de San José"
    },
    {
      "code": "107",
      "display": "Mora",
      "definition": "Cantón de Mora, provincia de San José"
    },
    {
      "code": "108",
      "display": "Goicoechea",
      "definition": "Cantón de Goicoechea, provincia de San José"
    },
    {
      "code": "109",
      "display": "Santa Ana",
      "definition": "Cantón de Santa Ana, provincia de San José"
    },
    {
      "code": "110",
      "display": "Alajuelita",
      "definition": "Cantón de Alajuelita, provincia de San José"
    },
    {
      "code": "111",
      "display": "Vázquez de Coronado",
      "definition": "Cantón de Vázquez de Coronado, provincia de San José"
    },
    {
      "code": "112",
      "display": "Acosta",
      "definition": "Cantón de Acosta, provincia de San José"
    },
    {
      "code": "113",
      "display": "Tibás",
      "definition": "Cantón de Tibás, provincia de San José"
    },
    {
      "code": "114",
      "display": "Moravia",
      "definition": "Cantón de Moravia, provincia de San José"
    },
    {
      "code": "115",
      "display": "Montes de Oca",
      "definition": "Cantón de Montes de Oca, provincia de San José"
    },
    {
      "code": "116",
      "display": "Turrubares",
      "definition": "Cantón de Turrubares, provincia de San José"
    },
    {
      "code": "117",
      "display": "Dota",
      "definition": "Cantón de Dota, provincia de San José"
    },
    {
      "code": "118",
      "display": "Curridabat",
      "definition": "Cantón de Curridabat, provincia de San José"
    },
    {
      "code": "119",
      "display": "Pérez Zeledón",
      "definition": "Cantón de Pérez Zeledón, provincia de San José"
    },
    {
      "code": "120",
      "display": "León Cortés Castro",
      "definition": "Cantón de León Cortés Castro, provincia de San José"
    },
    {
      "code": "201",
      "display": "Alajuela",
      "definition": "Cantón de Alajuela, provincia de Alajuela"
    },
    {
      "code": "202",
      "display": "San Ramón",
      "definition": "Cantón de San Ramón, provincia de Alajuela"
    },
    {
      "code": "203",
      "display": "Grecia",
      "definition": "Cantón de Grecia, provincia de Alajuela"
    },
    {
      "code": "204",
      "display": "San Mateo",
      "definition": "Cantón de San Mateo, provincia de Alajuela"
    },
    {
      "code": "205",
      "display": "Atenas",
      "definition": "Cantón de Atenas, provincia de Alajuela"
    },
    {
      "code": "206",
      "display": "Naranjo",
      "definition": "Cantón de Naranjo, provincia de Alajuela"
    },
    {
      "code": "207",
      "display": "Palmares",
      "definition": "Cantón de Palmares, provincia de Alajuela"
    },
    {
      "code": "208",
      "display": "Poás",
      "definition": "Cantón de Poás, provincia de Alajuela"
    },
    {
      "code": "209",
      "display": "Orotina",
      "definition": "Cantón de Orotina, provincia de Alajuela"
    },
    {
      "code": "210",
      "display": "San Carlos",
      "definition": "Cantón de San Carlos, provincia de Alajuela"
    },
    {
      "code": "211",
      "display": "Zarcero",
      "definition": "Cantón de Zarcero, provincia de Alajuela"
    },
    {
      "code": "212",
      "display": "Sarchí",
      "definition": "Cantón de Sarchí, provincia de Alajuela"
    },
    {
      "code": "213",
      "display": "Upala",
      "definition": "Cantón de Upala, provincia de Alajuela"
    },
    {
      "code": "214",
      "display": "Los Chiles",
      "definition": "Cantón de Los Chiles, provincia de Alajuela"
    },
    {
      "code": "215",
      "display": "Guatuso",
      "definition": "Cantón de Guatuso, provincia de Alajuela"
    },
    {
      "code": "216",
      "display": "Río Cuarto",
      "definition": "Cantón de Río Cuarto, provincia de Alajuela"
    },
    {
      "code": "301",
      "display": "Cartago",
      "definition": "Cantón de Cartago, provincia de Cartago"
    },
    {
      "code": "302",
      "display": "Paraíso",
      "definition": "Cantón de Paraíso, provincia de Cartago"
    },
    {
      "code": "303",
      "display": "La Unión",
      "definition": "Cantón de La Unión, provincia de Cartago"
    },
    {
      "code": "304",
      "display": "Jiménez",
      "definition": "Cantón de Jiménez, provincia de Cartago"
    },
    {
      "code": "305",
      "display": "Turrialba",
      "definition": "Cantón de Turrialba, provincia de Cartago"
    },
    {
      "code": "306",
      "display": "Alvarado",
      "definition": "Cantón de Alvarado, provincia de Cartago"
    },
    {
      "code": "307",
      "display": "Oreamuno",
      "definition": "Cantón de Oreamuno, provincia de Cartago"
    },
    {
      "code": "308",
      "display": "El Guarco",
      "definition": "Cantón de El Guarco, provincia de Cartago"
    },
    {
      "code": "401",
      "display": "Heredia",
      "definition": "Cantón de Heredia, provincia de Heredia"
    },
    {
      "code": "402",
      "display": "Barva",
      "definition": "Cantón de Barva, provincia de Heredia"
    },
    {
      "code": "403",
      "display": "Santo Domingo",
      "definition": "Cantón de Santo Domingo, provincia de Heredia"
    },
    {
      "code": "404",
      "display": "Santa Bárbara",
      "definition": "Cantón de Santa Bárbara, provincia de Heredia"
    },
    {
      "code": "405",
      "display": "San Rafael",
      "definition": "Cantón de San Rafael, provincia de Heredia"
    },
    {
      "code": "406",
      "display": "San Isidro",
      "definition": "Cantón de San Isidro, provincia de Heredia"
    },
    {
      "code": "407",
      "display": "Belén",
      "definition": "Cantón de Belén, provincia de Heredia"
    },
    {
      "code": "408",
      "display": "Flores",
      "definition": "Cantón de Flores, provincia de Heredia"
    },
    {
      "code": "409",
      "display": "San Pablo",
      "definition": "Cantón de San Pablo, provincia de Heredia"
    },
    {
      "code": "410",
      "display": "Sarapiquí",
      "definition": "Cantón de Sarapiquí, provincia de Heredia"
    },
    {
      "code": "501",
      "display": "Liberia",
      "definition": "Cantón de Liberia, provincia de Guanacaste"
    },
    {
      "code": "502",
      "display": "Nicoya",
      "definition": "Cantón de Nicoya, provincia de Guanacaste"
    },
    {
      "code": "503",
      "display": "Santa Cruz",
      "definition": "Cantón de Santa Cruz, provincia de Guanacaste"
    },
    {
      "code": "504",
      "display": "Bagaces",
      "definition": "Cantón de Bagaces, provincia de Guanacaste"
    },
    {
      "code": "505",
      "display": "Carrillo",
      "definition": "Cantón de Carrillo, provincia de Guanacaste"
    },
    {
      "code": "506",
      "display": "Cañas",
      "definition": "Cantón de Cañas, provincia de Guanacaste"
    },
    {
      "code": "507",
      "display": "Abangares",
      "definition": "Cantón de Abangares, provincia de Guanacaste"
    },
    {
      "code": "508",
      "display": "Tilarán",
      "definition": "Cantón de Tilarán, provincia de Guanacaste"
    },
    {
      "code": "509",
      "display": "Nandayure",
      "definition": "Cantón de Nandayure, provincia de Guanacaste"
    },
    {
      "code": "510",
      "display": "La Cruz",
      "definition": "Cantón de La Cruz, provincia de Guanacaste"
    },
    {
      "code": "511",
      "display": "Hojancha",
      "definition": "Cantón de Hojancha, provincia de Guanacaste"
    },
    {
      "code": "601",
      "display": "Puntarenas",
      "definition": "Cantón de Puntarenas, provincia de Puntarenas"
    },
    {
      "code": "602",
      "display": "Esparza",
      "definition": "Cantón de Esparza, provincia de Puntarenas"
    },
    {
      "code": "603",
      "display": "Buenos Aires",
      "definition": "Cantón de Buenos Aires, provincia de Puntarenas"
    },
    {
      "code": "604",
      "display": "Montes de Oro",
      "definition": "Cantón de Montes de Oro, provincia de Puntarenas"
    },
    {
      "code": "605",
      "display": "Osa",
      "definition": "Cantón de Osa, provincia de Puntarenas"
    },
    {
      "code": "606",
      "display": "Aguirre",
      "definition": "Cantón de Aguirre, provincia de Puntarenas"
    },
    {
      "code": "607",
      "display": "Golfito",
      "definition": "Cantón de Golfito, provincia de Puntarenas"
    },
    {
      "code": "608",
      "display": "Coto Brus",
      "definition": "Cantón de Coto Brus, provincia de Puntarenas"
    },
    {
      "code": "609",
      "display": "Parrita",
      "definition": "Cantón de Parrita, provincia de Puntarenas"
    },
    {
      "code": "610",
      "display": "Corredores",
      "definition": "Cantón de Corredores, provincia de Puntarenas"
    },
    {
      "code": "611",
      "display": "Garabito",
      "definition": "Cantón de Garabito, provincia de Puntarenas"
    },
    {
      "code": "701",
      "display": "Limón",
      "definition": "Cantón de Limón, provincia de Limón"
    },
    {
      "code": "702",
      "display": "Pococí",
      "definition": "Cantón de Pococí, provincia de Limón"
    },
    {
      "code": "703",
      "display": "Siquirres",
      "definition": "Cantón de Siquirres, provincia de Limón"
    },
    {
      "code": "704",
      "display": "Talamanca",
      "definition": "Cantón de Talamanca, provincia de Limón"
    },
    {
      "code": "705",
      "display": "Matina",
      "definition": "Cantón de Matina, provincia de Limón"
    },
    {
      "code": "706",
      "display": "Guácimo",
      "definition": "Cantón de Guácimo, provincia de Limón"
    }
  ],
  "extension": [
    {
      "url": "http://hl7.org/fhir/StructureDefinition/structuredefinition-fmm",
      "valueInteger": 0
    },
    {
      "url": "http://hl7.org/fhir/StructureDefinition/structuredefinition-standards-status",
      "valueCode": "draft"
    },
    {
      "url": "http://hl7.org/fhir/StructureDefinition/structuredefinition-wg",
      "valueCode": "pc"
    }
  ],
  "language": "es",
  "version": "0.1.1",
  "experimental": false,
  "caseSensitive": true,
  "compositional": false,
  "versionNeeded": true,
  "publisher": "HL7 Costa Rica",
  "contact": [
    {
      "name": "HL7 Costa Rica",
      "telecom": [
        {
          "system": "email",
          "value": "info@hl7.or.cr"
        }
      ]
    }
  ],
  "date": "2025-03-03",
  "jurisdiction": [
    {
      "coding": [
        {
          "code": "CR",
          "system": "urn:iso:std:iso:3166",
          "display": "Costa Rica"
        }
      ]
    }
  ],
  "copyright": "Usado con el permiso de HL7 International, todos los derechos reservados en los Licencias de HL7 Internacional.",
  "count": 82
}
